category,growth_rate
Diabetes,101.9668998695645
Vitamins,51.47578792061695
Gastro,46.963191617493564
Cardiac,44.09795298460049
Pain Relief,29.457270167091835
Allergy,12.108820100102863
Hormonal,9.87253417998355
Neurology,9.093169448387993
Antibiotic,8.106894299498439
Respiratory,6.9983609690257955
