expiry_bucket,risk_value
Expired,56093.619999999995
0-30 days,98083.23
31-60 days,286429.39999999997
61-90 days,97974.9
90+ days,14686663.06
